product_id,tag
d95d8861-2c27-4c5e-82c0-0e7ac9486323,vest-tie-set
d95d8861-2c27-4c5e-82c0-0e7ac9486323,premium
d95d8861-2c27-4c5e-82c0-0e7ac9486323,summer
d95d8861-2c27-4c5e-82c0-0e7ac9486323,bundle
0968e54c-51bd-4d26-afb9-97ccb60bfa51,blue
0968e54c-51bd-4d26-afb9-97ccb60bfa51,vest-tie-set
0968e54c-51bd-4d26-afb9-97ccb60bfa51,premium
0968e54c-51bd-4d26-afb9-97ccb60bfa51,summer
0968e54c-51bd-4d26-afb9-97ccb60bfa51,bundle
7bc81f25-1a81-4e8a-848b-968c2c5ce7d7,vest-tie-set
7bc81f25-1a81-4e8a-848b-968c2c5ce7d7,premium
7bc81f25-1a81-4e8a-848b-968c2c5ce7d7,summer
7bc81f25-1a81-4e8a-848b-968c2c5ce7d7,bundle
754192d7-e19e-475b-9b64-0463d31c4cad,black
754192d7-e19e-475b-9b64-0463d31c4cad,white
754192d7-e19e-475b-9b64-0463d31c4cad,tuxedo
754192d7-e19e-475b-9b64-0463d31c4cad,formal
754192d7-e19e-475b-9b64-0463d31c4cad,business
754192d7-e19e-475b-9b64-0463d31c4cad,premium
754192d7-e19e-475b-9b64-0463d31c4cad,summer
7affb342-0e29-49b4-b82f-e908e6b60e47,black
7affb342-0e29-49b4-b82f-e908e6b60e47,premium
7affb342-0e29-49b4-b82f-e908e6b60e47,summer
ccdf7fe2-c0f9-4d4c-ad86-256a2c251ed6,black
ccdf7fe2-c0f9-4d4c-ad86-256a2c251ed6,tuxedo
ccdf7fe2-c0f9-4d4c-ad86-256a2c251ed6,prom
ccdf7fe2-c0f9-4d4c-ad86-256a2c251ed6,formal
ccdf7fe2-c0f9-4d4c-ad86-256a2c251ed6,business
ccdf7fe2-c0f9-4d4c-ad86-256a2c251ed6,satin
ccdf7fe2-c0f9-4d4c-ad86-256a2c251ed6,premium
ccdf7fe2-c0f9-4d4c-ad86-256a2c251ed6,summer
42b78bd2-a60d-47d4-9a9b-6bc2db312544,black
42b78bd2-a60d-47d4-9a9b-6bc2db312544,tuxedo
42b78bd2-a60d-47d4-9a9b-6bc2db312544,formal
42b78bd2-a60d-47d4-9a9b-6bc2db312544,business
42b78bd2-a60d-47d4-9a9b-6bc2db312544,satin
42b78bd2-a60d-47d4-9a9b-6bc2db312544,premium
42b78bd2-a60d-47d4-9a9b-6bc2db312544,summer
50bbec80-056d-4889-9987-53a95ffe9b9c,black
50bbec80-056d-4889-9987-53a95ffe9b9c,red
50bbec80-056d-4889-9987-53a95ffe9b9c,tuxedo
50bbec80-056d-4889-9987-53a95ffe9b9c,formal
50bbec80-056d-4889-9987-53a95ffe9b9c,business
50bbec80-056d-4889-9987-53a95ffe9b9c,premium
50bbec80-056d-4889-9987-53a95ffe9b9c,summer
e0dc72ea-cf03-44f0-8bbe-2da538123957,black
e0dc72ea-cf03-44f0-8bbe-2da538123957,formal
e0dc72ea-cf03-44f0-8bbe-2da538123957,premium
e0dc72ea-cf03-44f0-8bbe-2da538123957,summer
709a11ab-de0f-4fe8-a6ee-903892a5372b,black
709a11ab-de0f-4fe8-a6ee-903892a5372b,tuxedo
709a11ab-de0f-4fe8-a6ee-903892a5372b,formal
709a11ab-de0f-4fe8-a6ee-903892a5372b,business
709a11ab-de0f-4fe8-a6ee-903892a5372b,velvet
709a11ab-de0f-4fe8-a6ee-903892a5372b,satin
709a11ab-de0f-4fe8-a6ee-903892a5372b,premium
709a11ab-de0f-4fe8-a6ee-903892a5372b,summer
0386398a-2aeb-4a3e-a98d-fa06dc7949a1,black
0386398a-2aeb-4a3e-a98d-fa06dc7949a1,premium
0386398a-2aeb-4a3e-a98d-fa06dc7949a1,summer
0386398a-2aeb-4a3e-a98d-fa06dc7949a1,bundle
0d3f01af-a94d-4517-848f-65413ba65a53,black
0d3f01af-a94d-4517-848f-65413ba65a53,summer
0d3f01af-a94d-4517-848f-65413ba65a53,bundle
7583d28a-d0d6-4342-b085-cab904a71556,black
7583d28a-d0d6-4342-b085-cab904a71556,premium
7583d28a-d0d6-4342-b085-cab904a71556,summer
7583d28a-d0d6-4342-b085-cab904a71556,bundle
ff260f9f-ee70-417c-a368-b809b159f2ac,black
ff260f9f-ee70-417c-a368-b809b159f2ac,tuxedo
ff260f9f-ee70-417c-a368-b809b159f2ac,formal
ff260f9f-ee70-417c-a368-b809b159f2ac,business
ff260f9f-ee70-417c-a368-b809b159f2ac,satin
ff260f9f-ee70-417c-a368-b809b159f2ac,premium
ff260f9f-ee70-417c-a368-b809b159f2ac,summer
c102c569-bf35-4786-b619-9747b62c9b6b,black
c102c569-bf35-4786-b619-9747b62c9b6b,tuxedo
c102c569-bf35-4786-b619-9747b62c9b6b,formal
c102c569-bf35-4786-b619-9747b62c9b6b,business
c102c569-bf35-4786-b619-9747b62c9b6b,velvet
c102c569-bf35-4786-b619-9747b62c9b6b,premium
c102c569-bf35-4786-b619-9747b62c9b6b,summer
d6a2d07c-823b-4fd0-90e5-dd7670b8e754,blue
d6a2d07c-823b-4fd0-90e5-dd7670b8e754,vest-tie-set
d6a2d07c-823b-4fd0-90e5-dd7670b8e754,premium
d6a2d07c-823b-4fd0-90e5-dd7670b8e754,summer
d6a2d07c-823b-4fd0-90e5-dd7670b8e754,bundle
fa2f80cb-d095-44fd-8777-422c37cb5327,blue
fa2f80cb-d095-44fd-8777-422c37cb5327,vest-tie-set
fa2f80cb-d095-44fd-8777-422c37cb5327,premium
fa2f80cb-d095-44fd-8777-422c37cb5327,summer
fa2f80cb-d095-44fd-8777-422c37cb5327,bundle
554be880-23ea-4deb-a3a2-74a506dcfc1b,blue
554be880-23ea-4deb-a3a2-74a506dcfc1b,premium
554be880-23ea-4deb-a3a2-74a506dcfc1b,summer
554be880-23ea-4deb-a3a2-74a506dcfc1b,bundle
19c42efe-b968-4cc5-901c-c9f9993e0467,blue
19c42efe-b968-4cc5-901c-c9f9993e0467,vest-tie-set
19c42efe-b968-4cc5-901c-c9f9993e0467,premium
19c42efe-b968-4cc5-901c-c9f9993e0467,summer
19c42efe-b968-4cc5-901c-c9f9993e0467,bundle
6b0fd02c-c921-41f1-8ae1-f37ba31faba9,vest-tie-set
6b0fd02c-c921-41f1-8ae1-f37ba31faba9,premium
6b0fd02c-c921-41f1-8ae1-f37ba31faba9,summer
6b0fd02c-c921-41f1-8ae1-f37ba31faba9,bundle
98ef0e63-5995-4f33-a43e-041a3fefac1d,vest-tie-set
98ef0e63-5995-4f33-a43e-041a3fefac1d,premium
98ef0e63-5995-4f33-a43e-041a3fefac1d,summer
98ef0e63-5995-4f33-a43e-041a3fefac1d,bundle
76900ac8-247d-4054-8dca-c985cf537b73,brown
76900ac8-247d-4054-8dca-c985cf537b73,premium
76900ac8-247d-4054-8dca-c985cf537b73,summer
4a5392f3-7cbb-464d-8ac8-c54561842fec,brown
4a5392f3-7cbb-464d-8ac8-c54561842fec,vest-tie-set
4a5392f3-7cbb-464d-8ac8-c54561842fec,premium
4a5392f3-7cbb-464d-8ac8-c54561842fec,summer
4a5392f3-7cbb-464d-8ac8-c54561842fec,bundle
6f7dda20-bf92-4b80-bab6-920139091c5e,brown
6f7dda20-bf92-4b80-bab6-920139091c5e,suit
6f7dda20-bf92-4b80-bab6-920139091c5e,formal
6f7dda20-bf92-4b80-bab6-920139091c5e,business
6f7dda20-bf92-4b80-bab6-920139091c5e,premium
6f7dda20-bf92-4b80-bab6-920139091c5e,summer
4d1990e7-9413-4f85-9730-18a02fc5d49d,brown
4d1990e7-9413-4f85-9730-18a02fc5d49d,vest-tie-set
4d1990e7-9413-4f85-9730-18a02fc5d49d,premium
4d1990e7-9413-4f85-9730-18a02fc5d49d,summer
4d1990e7-9413-4f85-9730-18a02fc5d49d,bundle
9b61b5cc-286d-45c9-871f-7462ea2c5441,brown
9b61b5cc-286d-45c9-871f-7462ea2c5441,summer
9b61b5cc-286d-45c9-871f-7462ea2c5441,bundle
ad8448a1-f934-4e22-905b-fa9dedef6b28,black
ad8448a1-f934-4e22-905b-fa9dedef6b28,burgundy
ad8448a1-f934-4e22-905b-fa9dedef6b28,tuxedo
ad8448a1-f934-4e22-905b-fa9dedef6b28,formal
ad8448a1-f934-4e22-905b-fa9dedef6b28,business
ad8448a1-f934-4e22-905b-fa9dedef6b28,satin
ad8448a1-f934-4e22-905b-fa9dedef6b28,premium
ad8448a1-f934-4e22-905b-fa9dedef6b28,summer
e1c40a66-2f37-4d20-9bdf-fec444bdeb56,burgundy
e1c40a66-2f37-4d20-9bdf-fec444bdeb56,suit
e1c40a66-2f37-4d20-9bdf-fec444bdeb56,formal
e1c40a66-2f37-4d20-9bdf-fec444bdeb56,business
e1c40a66-2f37-4d20-9bdf-fec444bdeb56,velvet
e1c40a66-2f37-4d20-9bdf-fec444bdeb56,premium
e1c40a66-2f37-4d20-9bdf-fec444bdeb56,summer
6d40f947-0104-4131-91a1-4f240d2c6659,burgundy
6d40f947-0104-4131-91a1-4f240d2c6659,tuxedo
6d40f947-0104-4131-91a1-4f240d2c6659,formal
6d40f947-0104-4131-91a1-4f240d2c6659,business
6d40f947-0104-4131-91a1-4f240d2c6659,velvet
6d40f947-0104-4131-91a1-4f240d2c6659,premium
6d40f947-0104-4131-91a1-4f240d2c6659,summer
573fc30f-092f-401f-9f99-6d8425c3f797,burgundy
573fc30f-092f-401f-9f99-6d8425c3f797,vest-tie-set
573fc30f-092f-401f-9f99-6d8425c3f797,premium
573fc30f-092f-401f-9f99-6d8425c3f797,summer
573fc30f-092f-401f-9f99-6d8425c3f797,bundle
f10ea07d-b918-4b01-a212-3b9308bc45dd,summer
f10ea07d-b918-4b01-a212-3b9308bc45dd,bundle
188a8cb3-120d-41a4-82a0-586390069fce,vest-tie-set
188a8cb3-120d-41a4-82a0-586390069fce,premium
188a8cb3-120d-41a4-82a0-586390069fce,summer
188a8cb3-120d-41a4-82a0-586390069fce,bundle
6a6ed003-693b-42fe-b750-11174b1e317a,vest-tie-set
6a6ed003-693b-42fe-b750-11174b1e317a,premium
6a6ed003-693b-42fe-b750-11174b1e317a,summer
6a6ed003-693b-42fe-b750-11174b1e317a,bundle
03ebafef-7464-4ff3-ac42-50f129e78671,vest-tie-set
03ebafef-7464-4ff3-ac42-50f129e78671,premium
03ebafef-7464-4ff3-ac42-50f129e78671,summer
03ebafef-7464-4ff3-ac42-50f129e78671,bundle
d601029e-11ca-4ad9-933b-fc7404f4df63,blue
d601029e-11ca-4ad9-933b-fc7404f4df63,vest-tie-set
d601029e-11ca-4ad9-933b-fc7404f4df63,premium
d601029e-11ca-4ad9-933b-fc7404f4df63,summer
d601029e-11ca-4ad9-933b-fc7404f4df63,bundle
5531297f-ceeb-415b-a013-7387ef1b2894,charcoal
5531297f-ceeb-415b-a013-7387ef1b2894,suit
5531297f-ceeb-415b-a013-7387ef1b2894,formal
5531297f-ceeb-415b-a013-7387ef1b2894,business
5531297f-ceeb-415b-a013-7387ef1b2894,premium
5531297f-ceeb-415b-a013-7387ef1b2894,summer
cf1e6f44-bd02-4759-be1d-ecc57b6c90f6,black
cf1e6f44-bd02-4759-be1d-ecc57b6c90f6,charcoal
cf1e6f44-bd02-4759-be1d-ecc57b6c90f6,tuxedo
cf1e6f44-bd02-4759-be1d-ecc57b6c90f6,formal
cf1e6f44-bd02-4759-be1d-ecc57b6c90f6,business
cf1e6f44-bd02-4759-be1d-ecc57b6c90f6,satin
cf1e6f44-bd02-4759-be1d-ecc57b6c90f6,premium
cf1e6f44-bd02-4759-be1d-ecc57b6c90f6,summer
8309ecef-685a-45fb-85be-366cfb690e21,brown
8309ecef-685a-45fb-85be-366cfb690e21,vest-tie-set
8309ecef-685a-45fb-85be-366cfb690e21,premium
8309ecef-685a-45fb-85be-366cfb690e21,summer
8309ecef-685a-45fb-85be-366cfb690e21,bundle
e1b46279-80b5-4302-abc3-5e96974c3c19,vest-tie-set
e1b46279-80b5-4302-abc3-5e96974c3c19,premium
e1b46279-80b5-4302-abc3-5e96974c3c19,summer
e1b46279-80b5-4302-abc3-5e96974c3c19,bundle
176a4aff-5e0a-4ad8-bef3-10e7f779d932,black
176a4aff-5e0a-4ad8-bef3-10e7f779d932,tuxedo
176a4aff-5e0a-4ad8-bef3-10e7f779d932,formal
176a4aff-5e0a-4ad8-bef3-10e7f779d932,business
176a4aff-5e0a-4ad8-bef3-10e7f779d932,satin
176a4aff-5e0a-4ad8-bef3-10e7f779d932,premium
176a4aff-5e0a-4ad8-bef3-10e7f779d932,summer
6006bb35-ec1e-4a4d-ba31-86013c648bea,navy
6006bb35-ec1e-4a4d-ba31-86013c648bea,suit
6006bb35-ec1e-4a4d-ba31-86013c648bea,business
6006bb35-ec1e-4a4d-ba31-86013c648bea,formal
6006bb35-ec1e-4a4d-ba31-86013c648bea,premium
6006bb35-ec1e-4a4d-ba31-86013c648bea,summer
f8dd7c77-b2bd-4c41-8a25-694d3c51f2d0,vest-tie-set
f8dd7c77-b2bd-4c41-8a25-694d3c51f2d0,premium
f8dd7c77-b2bd-4c41-8a25-694d3c51f2d0,summer
f8dd7c77-b2bd-4c41-8a25-694d3c51f2d0,bundle
bcda0dec-5efe-464a-a1d6-0b1aba040f65,vest-tie-set
bcda0dec-5efe-464a-a1d6-0b1aba040f65,premium
bcda0dec-5efe-464a-a1d6-0b1aba040f65,summer
bcda0dec-5efe-464a-a1d6-0b1aba040f65,bundle
ae12535b-d125-46f3-b448-f72a3c3e9bad,burgundy
ae12535b-d125-46f3-b448-f72a3c3e9bad,vest-tie-set
ae12535b-d125-46f3-b448-f72a3c3e9bad,premium
ae12535b-d125-46f3-b448-f72a3c3e9bad,summer
ae12535b-d125-46f3-b448-f72a3c3e9bad,bundle
16a8f7f2-42c2-4b19-bb4c-88c877a96b8b,black
16a8f7f2-42c2-4b19-bb4c-88c877a96b8b,silver
16a8f7f2-42c2-4b19-bb4c-88c877a96b8b,tuxedo
16a8f7f2-42c2-4b19-bb4c-88c877a96b8b,formal
16a8f7f2-42c2-4b19-bb4c-88c877a96b8b,business
16a8f7f2-42c2-4b19-bb4c-88c877a96b8b,satin
16a8f7f2-42c2-4b19-bb4c-88c877a96b8b,premium
16a8f7f2-42c2-4b19-bb4c-88c877a96b8b,summer
b4613d6c-c63c-4776-b28c-5137e58335f2,summer
b4613d6c-c63c-4776-b28c-5137e58335f2,bundle
26301fd6-bad6-4aae-ae16-7d31eff0efab,vest-tie-set
26301fd6-bad6-4aae-ae16-7d31eff0efab,premium
26301fd6-bad6-4aae-ae16-7d31eff0efab,summer
26301fd6-bad6-4aae-ae16-7d31eff0efab,bundle
62315112-1ebb-45e0-9e8d-16e08fdc281d,vest-tie-set
62315112-1ebb-45e0-9e8d-16e08fdc281d,premium
62315112-1ebb-45e0-9e8d-16e08fdc281d,summer
62315112-1ebb-45e0-9e8d-16e08fdc281d,bundle
1c4f32b3-e97d-4dbd-b875-e55b8272e737,black
1c4f32b3-e97d-4dbd-b875-e55b8272e737,green
1c4f32b3-e97d-4dbd-b875-e55b8272e737,suit
1c4f32b3-e97d-4dbd-b875-e55b8272e737,formal
1c4f32b3-e97d-4dbd-b875-e55b8272e737,business
1c4f32b3-e97d-4dbd-b875-e55b8272e737,satin
1c4f32b3-e97d-4dbd-b875-e55b8272e737,premium
1c4f32b3-e97d-4dbd-b875-e55b8272e737,summer
014eb03e-02e7-41c7-8b4c-1150aef5146c,green
014eb03e-02e7-41c7-8b4c-1150aef5146c,vest-tie-set
014eb03e-02e7-41c7-8b4c-1150aef5146c,premium
014eb03e-02e7-41c7-8b4c-1150aef5146c,summer
014eb03e-02e7-41c7-8b4c-1150aef5146c,bundle
d53ab2da-e046-43d0-b1b2-4462d38f95fc,summer
d53ab2da-e046-43d0-b1b2-4462d38f95fc,bundle
59b24ee6-4ef6-46da-acf5-ecbb5e1ae127,vest-tie-set
59b24ee6-4ef6-46da-acf5-ecbb5e1ae127,premium
59b24ee6-4ef6-46da-acf5-ecbb5e1ae127,summer
59b24ee6-4ef6-46da-acf5-ecbb5e1ae127,bundle
b6468096-0ce5-4793-b445-cea388f6145d,vest-tie-set
b6468096-0ce5-4793-b445-cea388f6145d,premium
b6468096-0ce5-4793-b445-cea388f6145d,summer
b6468096-0ce5-4793-b445-cea388f6145d,bundle
18543b82-fbc4-46aa-8be9-9f4fe3f2388f,gold
18543b82-fbc4-46aa-8be9-9f4fe3f2388f,tuxedo
18543b82-fbc4-46aa-8be9-9f4fe3f2388f,formal
18543b82-fbc4-46aa-8be9-9f4fe3f2388f,business
18543b82-fbc4-46aa-8be9-9f4fe3f2388f,premium
18543b82-fbc4-46aa-8be9-9f4fe3f2388f,summer
82e4dea6-1699-4256-9f8a-27cb9a3ffccf,gold
82e4dea6-1699-4256-9f8a-27cb9a3ffccf,premium
82e4dea6-1699-4256-9f8a-27cb9a3ffccf,summer
82e4dea6-1699-4256-9f8a-27cb9a3ffccf,bundle
143bacd9-92cc-47cb-ab4d-efa12e6b4472,gold
143bacd9-92cc-47cb-ab4d-efa12e6b4472,summer
143bacd9-92cc-47cb-ab4d-efa12e6b4472,bundle
ba6e3ef9-8d17-4dd7-91c4-1f089318490c,gold
ba6e3ef9-8d17-4dd7-91c4-1f089318490c,vest-tie-set
ba6e3ef9-8d17-4dd7-91c4-1f089318490c,premium
ba6e3ef9-8d17-4dd7-91c4-1f089318490c,summer
ba6e3ef9-8d17-4dd7-91c4-1f089318490c,bundle
0405e779-4e0b-485a-a4f8-2f1706bb476e,gold
0405e779-4e0b-485a-a4f8-2f1706bb476e,tuxedo
0405e779-4e0b-485a-a4f8-2f1706bb476e,formal
0405e779-4e0b-485a-a4f8-2f1706bb476e,business
0405e779-4e0b-485a-a4f8-2f1706bb476e,premium
0405e779-4e0b-485a-a4f8-2f1706bb476e,summer
27ac9c31-4e14-4d2a-be7e-3ac1ef6ef406,gold
27ac9c31-4e14-4d2a-be7e-3ac1ef6ef406,vest-tie-set
27ac9c31-4e14-4d2a-be7e-3ac1ef6ef406,premium
27ac9c31-4e14-4d2a-be7e-3ac1ef6ef406,summer
27ac9c31-4e14-4d2a-be7e-3ac1ef6ef406,bundle
30be304b-a989-43bb-9e58-741425268f28,grey
30be304b-a989-43bb-9e58-741425268f28,suit
30be304b-a989-43bb-9e58-741425268f28,formal
30be304b-a989-43bb-9e58-741425268f28,business
30be304b-a989-43bb-9e58-741425268f28,premium
30be304b-a989-43bb-9e58-741425268f28,summer
58f13fad-f2ed-49fd-91cc-aed86a41d2cf,green
58f13fad-f2ed-49fd-91cc-aed86a41d2cf,vest-tie-set
58f13fad-f2ed-49fd-91cc-aed86a41d2cf,premium
58f13fad-f2ed-49fd-91cc-aed86a41d2cf,summer
58f13fad-f2ed-49fd-91cc-aed86a41d2cf,bundle
d6b4cfa3-ff7c-40ad-a1c8-409e50f576c2,green
d6b4cfa3-ff7c-40ad-a1c8-409e50f576c2,vest-tie-set
d6b4cfa3-ff7c-40ad-a1c8-409e50f576c2,premium
d6b4cfa3-ff7c-40ad-a1c8-409e50f576c2,summer
d6b4cfa3-ff7c-40ad-a1c8-409e50f576c2,bundle
e0004d7e-0b98-461d-afb3-2603a064e64e,green
e0004d7e-0b98-461d-afb3-2603a064e64e,vest-tie-set
e0004d7e-0b98-461d-afb3-2603a064e64e,premium
e0004d7e-0b98-461d-afb3-2603a064e64e,summer
e0004d7e-0b98-461d-afb3-2603a064e64e,bundle
69279797-2a83-4ab4-b7a3-1b6f22e4a077,green
69279797-2a83-4ab4-b7a3-1b6f22e4a077,vest-tie-set
69279797-2a83-4ab4-b7a3-1b6f22e4a077,premium
69279797-2a83-4ab4-b7a3-1b6f22e4a077,summer
69279797-2a83-4ab4-b7a3-1b6f22e4a077,bundle
fadbb9fc-5b10-4a12-bb4f-61b3924fb3ac,green
fadbb9fc-5b10-4a12-bb4f-61b3924fb3ac,vest-tie-set
fadbb9fc-5b10-4a12-bb4f-61b3924fb3ac,premium
fadbb9fc-5b10-4a12-bb4f-61b3924fb3ac,summer
fadbb9fc-5b10-4a12-bb4f-61b3924fb3ac,bundle
2e2ea540-fe2a-4503-bf34-de2a30ed54c3,green
2e2ea540-fe2a-4503-bf34-de2a30ed54c3,vest-tie-set
2e2ea540-fe2a-4503-bf34-de2a30ed54c3,premium
2e2ea540-fe2a-4503-bf34-de2a30ed54c3,summer
2e2ea540-fe2a-4503-bf34-de2a30ed54c3,bundle
6f4839f7-91d4-44f2-bed7-34e69915569b,green
6f4839f7-91d4-44f2-bed7-34e69915569b,tuxedo
6f4839f7-91d4-44f2-bed7-34e69915569b,formal
6f4839f7-91d4-44f2-bed7-34e69915569b,business
6f4839f7-91d4-44f2-bed7-34e69915569b,velvet
6f4839f7-91d4-44f2-bed7-34e69915569b,premium
6f4839f7-91d4-44f2-bed7-34e69915569b,summer
bd41a131-143b-41a2-b896-ca8cf60bcef4,grey
bd41a131-143b-41a2-b896-ca8cf60bcef4,premium
bd41a131-143b-41a2-b896-ca8cf60bcef4,summer
bd41a131-143b-41a2-b896-ca8cf60bcef4,bundle
a3bb7ac1-dbbb-4952-9c58-4009895c3b05,grey
a3bb7ac1-dbbb-4952-9c58-4009895c3b05,vest-tie-set
a3bb7ac1-dbbb-4952-9c58-4009895c3b05,premium
a3bb7ac1-dbbb-4952-9c58-4009895c3b05,summer
a3bb7ac1-dbbb-4952-9c58-4009895c3b05,bundle
3ecaac8b-e782-4912-90bd-332d1507219d,green
3ecaac8b-e782-4912-90bd-332d1507219d,summer
3ecaac8b-e782-4912-90bd-332d1507219d,bundle
e831191b-35e8-4feb-820a-999be71859b8,green
e831191b-35e8-4feb-820a-999be71859b8,vest-tie-set
e831191b-35e8-4feb-820a-999be71859b8,premium
e831191b-35e8-4feb-820a-999be71859b8,summer
e831191b-35e8-4feb-820a-999be71859b8,bundle
e37a12cf-6e60-4385-9d37-3108c91a864b,suit
e37a12cf-6e60-4385-9d37-3108c91a864b,formal
e37a12cf-6e60-4385-9d37-3108c91a864b,business
e37a12cf-6e60-4385-9d37-3108c91a864b,premium
e37a12cf-6e60-4385-9d37-3108c91a864b,summer
8422fbb0-0b0c-4851-93e3-30e15b4ea0c0,vest-tie-set
8422fbb0-0b0c-4851-93e3-30e15b4ea0c0,premium
8422fbb0-0b0c-4851-93e3-30e15b4ea0c0,summer
8422fbb0-0b0c-4851-93e3-30e15b4ea0c0,bundle
abafaa7f-b1aa-4989-9de5-57258162f391,grey
abafaa7f-b1aa-4989-9de5-57258162f391,tuxedo
abafaa7f-b1aa-4989-9de5-57258162f391,formal
abafaa7f-b1aa-4989-9de5-57258162f391,business
abafaa7f-b1aa-4989-9de5-57258162f391,satin
abafaa7f-b1aa-4989-9de5-57258162f391,premium
abafaa7f-b1aa-4989-9de5-57258162f391,summer
3dbbc3e3-8c5f-400c-bffc-f7ac8b54c7aa,vest-tie-set
3dbbc3e3-8c5f-400c-bffc-f7ac8b54c7aa,premium
3dbbc3e3-8c5f-400c-bffc-f7ac8b54c7aa,summer
3dbbc3e3-8c5f-400c-bffc-f7ac8b54c7aa,bundle
df001012-f332-4543-8c92-8661444f8646,vest-tie-set
df001012-f332-4543-8c92-8661444f8646,premium
df001012-f332-4543-8c92-8661444f8646,summer
df001012-f332-4543-8c92-8661444f8646,bundle
0eb54feb-2b65-494d-bee3-2a0b3f5d3e79,red
0eb54feb-2b65-494d-bee3-2a0b3f5d3e79,summer
0eb54feb-2b65-494d-bee3-2a0b3f5d3e79,bundle
020e2fd8-80e1-449a-a336-dd69d13173ad,black
020e2fd8-80e1-449a-a336-dd69d13173ad,dress-shirt
020e2fd8-80e1-449a-a336-dd69d13173ad,summer
aba72b2d-7360-45a2-9968-3c1e6a5923a0,black
aba72b2d-7360-45a2-9968-3c1e6a5923a0,dress-shirt
aba72b2d-7360-45a2-9968-3c1e6a5923a0,summer
45296d30-1691-4fb8-9def-61db08206778,black
45296d30-1691-4fb8-9def-61db08206778,dress-shirt
45296d30-1691-4fb8-9def-61db08206778,summer
f7ac6207-af18-48f2-a215-377559cfb867,black
f7ac6207-af18-48f2-a215-377559cfb867,suit
f7ac6207-af18-48f2-a215-377559cfb867,formal
f7ac6207-af18-48f2-a215-377559cfb867,business
f7ac6207-af18-48f2-a215-377559cfb867,summer
c4a7ba15-4e45-4270-b637-cbfd6a6f5c78,burgundy
c4a7ba15-4e45-4270-b637-cbfd6a6f5c78,suit
c4a7ba15-4e45-4270-b637-cbfd6a6f5c78,formal
c4a7ba15-4e45-4270-b637-cbfd6a6f5c78,business
c4a7ba15-4e45-4270-b637-cbfd6a6f5c78,summer
c6a37ca2-2727-4e98-9252-21d1d49127c0,brown
c6a37ca2-2727-4e98-9252-21d1d49127c0,blazer
c6a37ca2-2727-4e98-9252-21d1d49127c0,casual
c6a37ca2-2727-4e98-9252-21d1d49127c0,summer
f4b9822e-c448-4b3f-b2f1-f53429ea27f4,blue
f4b9822e-c448-4b3f-b2f1-f53429ea27f4,blazer
f4b9822e-c448-4b3f-b2f1-f53429ea27f4,casual
f4b9822e-c448-4b3f-b2f1-f53429ea27f4,summer
7ac60900-3b09-4be6-8f26-4a12f00a349a,blazer
7ac60900-3b09-4be6-8f26-4a12f00a349a,casual
7ac60900-3b09-4be6-8f26-4a12f00a349a,summer
87cecbeb-f980-4c5a-9c79-ef76c4230a4f,pink
87cecbeb-f980-4c5a-9c79-ef76c4230a4f,blazer
87cecbeb-f980-4c5a-9c79-ef76c4230a4f,casual
87cecbeb-f980-4c5a-9c79-ef76c4230a4f,summer
b28454c8-ed35-4c9f-8da3-180526bcebff,blazer
b28454c8-ed35-4c9f-8da3-180526bcebff,casual
b28454c8-ed35-4c9f-8da3-180526bcebff,summer
5f827ffc-6830-464f-af0c-6020aaf63489,black
5f827ffc-6830-464f-af0c-6020aaf63489,suit
5f827ffc-6830-464f-af0c-6020aaf63489,formal
5f827ffc-6830-464f-af0c-6020aaf63489,business
5f827ffc-6830-464f-af0c-6020aaf63489,premium
5f827ffc-6830-464f-af0c-6020aaf63489,summer
bc60ba97-e856-4a66-8240-4800730cd945,suit
bc60ba97-e856-4a66-8240-4800730cd945,formal
bc60ba97-e856-4a66-8240-4800730cd945,business
bc60ba97-e856-4a66-8240-4800730cd945,premium
bc60ba97-e856-4a66-8240-4800730cd945,summer
3f347beb-9bcf-4b5b-b992-a05134d15c46,green
3f347beb-9bcf-4b5b-b992-a05134d15c46,suit
3f347beb-9bcf-4b5b-b992-a05134d15c46,formal
3f347beb-9bcf-4b5b-b992-a05134d15c46,business
3f347beb-9bcf-4b5b-b992-a05134d15c46,premium
3f347beb-9bcf-4b5b-b992-a05134d15c46,summer
2c35eb2b-9ac3-4fbe-9a3e-7c1172523278,navy
2c35eb2b-9ac3-4fbe-9a3e-7c1172523278,blue
2c35eb2b-9ac3-4fbe-9a3e-7c1172523278,suit
2c35eb2b-9ac3-4fbe-9a3e-7c1172523278,formal
2c35eb2b-9ac3-4fbe-9a3e-7c1172523278,business
2c35eb2b-9ac3-4fbe-9a3e-7c1172523278,premium
2c35eb2b-9ac3-4fbe-9a3e-7c1172523278,summer
9526d641-7e62-4714-ae86-d75653af0eb4,purple
9526d641-7e62-4714-ae86-d75653af0eb4,suit
9526d641-7e62-4714-ae86-d75653af0eb4,formal
9526d641-7e62-4714-ae86-d75653af0eb4,business
9526d641-7e62-4714-ae86-d75653af0eb4,premium
9526d641-7e62-4714-ae86-d75653af0eb4,summer
edd6239a-b49f-4210-a3b4-dcee1941a37b,suit
edd6239a-b49f-4210-a3b4-dcee1941a37b,formal
edd6239a-b49f-4210-a3b4-dcee1941a37b,business
edd6239a-b49f-4210-a3b4-dcee1941a37b,premium
edd6239a-b49f-4210-a3b4-dcee1941a37b,summer
098f30bd-72b3-4649-8a63-8943e8ab6ec2,suit
098f30bd-72b3-4649-8a63-8943e8ab6ec2,formal
098f30bd-72b3-4649-8a63-8943e8ab6ec2,business
098f30bd-72b3-4649-8a63-8943e8ab6ec2,premium
098f30bd-72b3-4649-8a63-8943e8ab6ec2,summer
57b727b6-a343-45df-987d-7ecac49d2ae8,suit
57b727b6-a343-45df-987d-7ecac49d2ae8,formal
57b727b6-a343-45df-987d-7ecac49d2ae8,business
57b727b6-a343-45df-987d-7ecac49d2ae8,premium
57b727b6-a343-45df-987d-7ecac49d2ae8,summer
6cab80d2-d5de-4bea-8918-76043b39c0a7,black
6cab80d2-d5de-4bea-8918-76043b39c0a7,suit
6cab80d2-d5de-4bea-8918-76043b39c0a7,formal
6cab80d2-d5de-4bea-8918-76043b39c0a7,business
6cab80d2-d5de-4bea-8918-76043b39c0a7,satin
6cab80d2-d5de-4bea-8918-76043b39c0a7,summer
e86a04f6-5e49-4ad9-8544-d07003711120,grey
e86a04f6-5e49-4ad9-8544-d07003711120,suit
e86a04f6-5e49-4ad9-8544-d07003711120,formal
e86a04f6-5e49-4ad9-8544-d07003711120,business
e86a04f6-5e49-4ad9-8544-d07003711120,summer
74e54daa-b4f7-4039-8122-5b0ba8021ef5,pink
74e54daa-b4f7-4039-8122-5b0ba8021ef5,suit
74e54daa-b4f7-4039-8122-5b0ba8021ef5,formal
74e54daa-b4f7-4039-8122-5b0ba8021ef5,business
74e54daa-b4f7-4039-8122-5b0ba8021ef5,summer
96458763-858a-4537-aa6a-b9dd3c900206,gold
96458763-858a-4537-aa6a-b9dd3c900206,suit
96458763-858a-4537-aa6a-b9dd3c900206,formal
96458763-858a-4537-aa6a-b9dd3c900206,business
96458763-858a-4537-aa6a-b9dd3c900206,summer
f7dc7de4-52a8-4e9c-a467-ea626e24ebf2,green
f7dc7de4-52a8-4e9c-a467-ea626e24ebf2,suit
f7dc7de4-52a8-4e9c-a467-ea626e24ebf2,formal
f7dc7de4-52a8-4e9c-a467-ea626e24ebf2,business
f7dc7de4-52a8-4e9c-a467-ea626e24ebf2,summer
5747c2fd-c5bb-4b1c-a742-332b4a2b8f89,grey
5747c2fd-c5bb-4b1c-a742-332b4a2b8f89,dress-shirt
5747c2fd-c5bb-4b1c-a742-332b4a2b8f89,summer
a015ed10-661f-4cba-b7c1-fe886aa280ec,grey
a015ed10-661f-4cba-b7c1-fe886aa280ec,suit
a015ed10-661f-4cba-b7c1-fe886aa280ec,formal
a015ed10-661f-4cba-b7c1-fe886aa280ec,business
a015ed10-661f-4cba-b7c1-fe886aa280ec,summer
12885975-d3c6-4ed2-84ab-0d045b22d72f,blue
12885975-d3c6-4ed2-84ab-0d045b22d72f,dress-shirt
12885975-d3c6-4ed2-84ab-0d045b22d72f,summer
6744076c-426a-45b6-aea3-5a54242fec5f,suit
6744076c-426a-45b6-aea3-5a54242fec5f,formal
6744076c-426a-45b6-aea3-5a54242fec5f,business
6744076c-426a-45b6-aea3-5a54242fec5f,summer
02ba5b60-8e22-4166-b959-a85b613d0ec7,suit
02ba5b60-8e22-4166-b959-a85b613d0ec7,formal
02ba5b60-8e22-4166-b959-a85b613d0ec7,business
02ba5b60-8e22-4166-b959-a85b613d0ec7,summer
c13d5c7a-fd8e-42b3-ab82-17cf756d3176,navy
c13d5c7a-fd8e-42b3-ab82-17cf756d3176,blue
c13d5c7a-fd8e-42b3-ab82-17cf756d3176,dress-shirt
c13d5c7a-fd8e-42b3-ab82-17cf756d3176,summer
b1af7374-0c6e-435c-9e56-6687fc838eb1,pink
b1af7374-0c6e-435c-9e56-6687fc838eb1,suit
b1af7374-0c6e-435c-9e56-6687fc838eb1,formal
b1af7374-0c6e-435c-9e56-6687fc838eb1,business
b1af7374-0c6e-435c-9e56-6687fc838eb1,summer
1bb758fc-7346-4b8c-b122-a4a2f970f10d,black
1bb758fc-7346-4b8c-b122-a4a2f970f10d,blazer
1bb758fc-7346-4b8c-b122-a4a2f970f10d,wedding
1bb758fc-7346-4b8c-b122-a4a2f970f10d,prom
1bb758fc-7346-4b8c-b122-a4a2f970f10d,premium
1bb758fc-7346-4b8c-b122-a4a2f970f10d,summer
ca5c59ac-d633-4cbb-b33d-d13bb86ac2dd,black
ca5c59ac-d633-4cbb-b33d-d13bb86ac2dd,blazer
ca5c59ac-d633-4cbb-b33d-d13bb86ac2dd,wedding
ca5c59ac-d633-4cbb-b33d-d13bb86ac2dd,prom
ca5c59ac-d633-4cbb-b33d-d13bb86ac2dd,formal
ca5c59ac-d633-4cbb-b33d-d13bb86ac2dd,premium
ca5c59ac-d633-4cbb-b33d-d13bb86ac2dd,summer
adda10ab-b828-4537-8195-f696e1362aec,burgundy
adda10ab-b828-4537-8195-f696e1362aec,blazer
adda10ab-b828-4537-8195-f696e1362aec,wedding
adda10ab-b828-4537-8195-f696e1362aec,prom
adda10ab-b828-4537-8195-f696e1362aec,formal
adda10ab-b828-4537-8195-f696e1362aec,premium
adda10ab-b828-4537-8195-f696e1362aec,summer
ff596cdc-7144-4663-9537-3436b3d23424,burgundy
ff596cdc-7144-4663-9537-3436b3d23424,wedding
ff596cdc-7144-4663-9537-3436b3d23424,prom
ff596cdc-7144-4663-9537-3436b3d23424,premium
ff596cdc-7144-4663-9537-3436b3d23424,summer
7cc47587-4f1d-4f57-902a-8effdb2171e9,gold
7cc47587-4f1d-4f57-902a-8effdb2171e9,blazer
7cc47587-4f1d-4f57-902a-8effdb2171e9,wedding
7cc47587-4f1d-4f57-902a-8effdb2171e9,prom
7cc47587-4f1d-4f57-902a-8effdb2171e9,formal
7cc47587-4f1d-4f57-902a-8effdb2171e9,premium
7cc47587-4f1d-4f57-902a-8effdb2171e9,summer
a3a3a3bb-d81f-4c26-9d5b-3ea54a848a27,gold
a3a3a3bb-d81f-4c26-9d5b-3ea54a848a27,wedding
a3a3a3bb-d81f-4c26-9d5b-3ea54a848a27,prom
a3a3a3bb-d81f-4c26-9d5b-3ea54a848a27,premium
a3a3a3bb-d81f-4c26-9d5b-3ea54a848a27,summer
5321eb80-dfb1-4836-b729-0ed9fef557ae,navy
5321eb80-dfb1-4836-b729-0ed9fef557ae,blue
5321eb80-dfb1-4836-b729-0ed9fef557ae,blazer
5321eb80-dfb1-4836-b729-0ed9fef557ae,wedding
5321eb80-dfb1-4836-b729-0ed9fef557ae,prom
5321eb80-dfb1-4836-b729-0ed9fef557ae,formal
5321eb80-dfb1-4836-b729-0ed9fef557ae,premium
5321eb80-dfb1-4836-b729-0ed9fef557ae,summer
25888ddb-29d3-414d-a5fa-8d5fc45f95b9,pink
25888ddb-29d3-414d-a5fa-8d5fc45f95b9,blazer
25888ddb-29d3-414d-a5fa-8d5fc45f95b9,wedding
25888ddb-29d3-414d-a5fa-8d5fc45f95b9,prom
25888ddb-29d3-414d-a5fa-8d5fc45f95b9,formal
25888ddb-29d3-414d-a5fa-8d5fc45f95b9,premium
25888ddb-29d3-414d-a5fa-8d5fc45f95b9,summer
8458b340-5220-47cf-8d8c-44047f74cc98,red
8458b340-5220-47cf-8d8c-44047f74cc98,blazer
8458b340-5220-47cf-8d8c-44047f74cc98,wedding
8458b340-5220-47cf-8d8c-44047f74cc98,prom
8458b340-5220-47cf-8d8c-44047f74cc98,premium
8458b340-5220-47cf-8d8c-44047f74cc98,summer
dfba7811-28de-4456-b5ab-3c1d77187214,red
dfba7811-28de-4456-b5ab-3c1d77187214,blazer
dfba7811-28de-4456-b5ab-3c1d77187214,wedding
dfba7811-28de-4456-b5ab-3c1d77187214,prom
dfba7811-28de-4456-b5ab-3c1d77187214,premium
dfba7811-28de-4456-b5ab-3c1d77187214,summer
6484538a-4b85-449e-922a-d6f82f15df96,royal-blue
6484538a-4b85-449e-922a-d6f82f15df96,wedding
6484538a-4b85-449e-922a-d6f82f15df96,prom
6484538a-4b85-449e-922a-d6f82f15df96,premium
6484538a-4b85-449e-922a-d6f82f15df96,summer
cbc38c39-d3f9-4ee3-9e36-1a3f79666583,blazer
cbc38c39-d3f9-4ee3-9e36-1a3f79666583,wedding
cbc38c39-d3f9-4ee3-9e36-1a3f79666583,prom
cbc38c39-d3f9-4ee3-9e36-1a3f79666583,formal
cbc38c39-d3f9-4ee3-9e36-1a3f79666583,premium
cbc38c39-d3f9-4ee3-9e36-1a3f79666583,summer
0f8f5763-e92b-4c25-9393-d305e161f060,white
0f8f5763-e92b-4c25-9393-d305e161f060,blazer
0f8f5763-e92b-4c25-9393-d305e161f060,wedding
0f8f5763-e92b-4c25-9393-d305e161f060,prom
0f8f5763-e92b-4c25-9393-d305e161f060,premium
0f8f5763-e92b-4c25-9393-d305e161f060,summer
57fa586f-1dee-4fe3-a6a6-5186b29f7267,white
57fa586f-1dee-4fe3-a6a6-5186b29f7267,blazer
57fa586f-1dee-4fe3-a6a6-5186b29f7267,wedding
57fa586f-1dee-4fe3-a6a6-5186b29f7267,prom
57fa586f-1dee-4fe3-a6a6-5186b29f7267,formal
57fa586f-1dee-4fe3-a6a6-5186b29f7267,premium
57fa586f-1dee-4fe3-a6a6-5186b29f7267,summer
cc2fa990-6d6e-4ee8-8a63-1f68f939378f,suit
cc2fa990-6d6e-4ee8-8a63-1f68f939378f,formal
cc2fa990-6d6e-4ee8-8a63-1f68f939378f,business
cc2fa990-6d6e-4ee8-8a63-1f68f939378f,summer
850ee192-4abf-4bd3-a99e-3cf82e43f121,suit
850ee192-4abf-4bd3-a99e-3cf82e43f121,formal
850ee192-4abf-4bd3-a99e-3cf82e43f121,business
850ee192-4abf-4bd3-a99e-3cf82e43f121,summer
bba28924-11d1-4efb-9f0e-431d6f0f0ef2,black
bba28924-11d1-4efb-9f0e-431d6f0f0ef2,blazer
bba28924-11d1-4efb-9f0e-431d6f0f0ef2,satin
bba28924-11d1-4efb-9f0e-431d6f0f0ef2,summer
0b69a03e-518c-477f-9691-49694fdfff56,black
0b69a03e-518c-477f-9691-49694fdfff56,blazer
0b69a03e-518c-477f-9691-49694fdfff56,summer
e5724b8f-ff50-4693-84a0-256dcc1f3ba2,burgundy
e5724b8f-ff50-4693-84a0-256dcc1f3ba2,blazer
e5724b8f-ff50-4693-84a0-256dcc1f3ba2,summer
3e890c4b-09dc-4551-92d3-5ff2e8b7e061,burgundy
3e890c4b-09dc-4551-92d3-5ff2e8b7e061,blazer
3e890c4b-09dc-4551-92d3-5ff2e8b7e061,satin
3e890c4b-09dc-4551-92d3-5ff2e8b7e061,summer
5dda24d7-ca41-4212-a10a-1f70d6fc9fce,burgundy
5dda24d7-ca41-4212-a10a-1f70d6fc9fce,blazer
5dda24d7-ca41-4212-a10a-1f70d6fc9fce,summer
1921110c-3bfd-42da-b75d-9032b2e1a48e,gold
1921110c-3bfd-42da-b75d-9032b2e1a48e,blazer
1921110c-3bfd-42da-b75d-9032b2e1a48e,summer
304c5eb5-88eb-4343-9de8-5ef7332d7b7d,gold
304c5eb5-88eb-4343-9de8-5ef7332d7b7d,blazer
304c5eb5-88eb-4343-9de8-5ef7332d7b7d,summer
d36e14b0-37cd-4c32-be31-28d126865332,gold
d36e14b0-37cd-4c32-be31-28d126865332,blazer
d36e14b0-37cd-4c32-be31-28d126865332,summer
ee2740eb-47ba-4a7f-9072-1a3a74eeb5e0,green
ee2740eb-47ba-4a7f-9072-1a3a74eeb5e0,blazer
ee2740eb-47ba-4a7f-9072-1a3a74eeb5e0,summer
76703536-2911-4be0-87c0-c473ac0e3df3,green
76703536-2911-4be0-87c0-c473ac0e3df3,blazer
76703536-2911-4be0-87c0-c473ac0e3df3,summer
0ec6bcbe-5b27-46c4-bd37-baea84cd9c1f,blue
0ec6bcbe-5b27-46c4-bd37-baea84cd9c1f,blazer
0ec6bcbe-5b27-46c4-bd37-baea84cd9c1f,summer
100f36e6-d9b9-4239-a5c0-f428586cd3be,blue
100f36e6-d9b9-4239-a5c0-f428586cd3be,blazer
100f36e6-d9b9-4239-a5c0-f428586cd3be,summer
9924f9c2-6e1c-49a5-a408-4d04954f533b,navy
9924f9c2-6e1c-49a5-a408-4d04954f533b,blue
9924f9c2-6e1c-49a5-a408-4d04954f533b,blazer
9924f9c2-6e1c-49a5-a408-4d04954f533b,satin
9924f9c2-6e1c-49a5-a408-4d04954f533b,summer
25fd07ea-e190-4b3d-a9be-6d0867e8f225,navy
25fd07ea-e190-4b3d-a9be-6d0867e8f225,blue
25fd07ea-e190-4b3d-a9be-6d0867e8f225,blazer
25fd07ea-e190-4b3d-a9be-6d0867e8f225,summer
1629bf1d-0726-4e3a-adb4-fb379c1e110a,red
1629bf1d-0726-4e3a-adb4-fb379c1e110a,blazer
1629bf1d-0726-4e3a-adb4-fb379c1e110a,summer
a6e6bc89-26b2-4313-b47a-70670468535e,royal-blue
a6e6bc89-26b2-4313-b47a-70670468535e,blazer
a6e6bc89-26b2-4313-b47a-70670468535e,summer
c1411e81-3760-4bdc-930c-8a0190004a1d,white
c1411e81-3760-4bdc-930c-8a0190004a1d,blazer
c1411e81-3760-4bdc-930c-8a0190004a1d,summer
c676940f-ecba-4957-9432-e4d710fe506f,tan
c676940f-ecba-4957-9432-e4d710fe506f,dress-shirt
c676940f-ecba-4957-9432-e4d710fe506f,summer
7d7f21e5-e43a-49c8-9980-5e4c8d1fe1fc,tan
7d7f21e5-e43a-49c8-9980-5e4c8d1fe1fc,dress-shirt
7d7f21e5-e43a-49c8-9980-5e4c8d1fe1fc,summer
2c087b5b-1a6f-417e-84f5-a7ee0e9c7a37,tan
2c087b5b-1a6f-417e-84f5-a7ee0e9c7a37,suit
2c087b5b-1a6f-417e-84f5-a7ee0e9c7a37,formal
2c087b5b-1a6f-417e-84f5-a7ee0e9c7a37,business
2c087b5b-1a6f-417e-84f5-a7ee0e9c7a37,summer
05221289-ea50-4666-81df-f8eed4e26c98,black
05221289-ea50-4666-81df-f8eed4e26c98,blazer
05221289-ea50-4666-81df-f8eed4e26c98,wedding
05221289-ea50-4666-81df-f8eed4e26c98,prom
05221289-ea50-4666-81df-f8eed4e26c98,formal
05221289-ea50-4666-81df-f8eed4e26c98,premium
05221289-ea50-4666-81df-f8eed4e26c98,summer
00c6f33d-13cd-44ee-a3c1-558bac8f4700,black
00c6f33d-13cd-44ee-a3c1-558bac8f4700,blazer
00c6f33d-13cd-44ee-a3c1-558bac8f4700,wedding
00c6f33d-13cd-44ee-a3c1-558bac8f4700,prom
00c6f33d-13cd-44ee-a3c1-558bac8f4700,formal
00c6f33d-13cd-44ee-a3c1-558bac8f4700,premium
00c6f33d-13cd-44ee-a3c1-558bac8f4700,summer
3fccd8e3-b855-4ea9-a96f-0c6e53f63bc9,black
3fccd8e3-b855-4ea9-a96f-0c6e53f63bc9,blazer
3fccd8e3-b855-4ea9-a96f-0c6e53f63bc9,wedding
3fccd8e3-b855-4ea9-a96f-0c6e53f63bc9,prom
3fccd8e3-b855-4ea9-a96f-0c6e53f63bc9,formal
3fccd8e3-b855-4ea9-a96f-0c6e53f63bc9,premium
3fccd8e3-b855-4ea9-a96f-0c6e53f63bc9,summer
782964ec-4589-4268-94da-ffd2506bd35c,red
782964ec-4589-4268-94da-ffd2506bd35c,blazer
782964ec-4589-4268-94da-ffd2506bd35c,wedding
782964ec-4589-4268-94da-ffd2506bd35c,prom
782964ec-4589-4268-94da-ffd2506bd35c,formal
782964ec-4589-4268-94da-ffd2506bd35c,premium
782964ec-4589-4268-94da-ffd2506bd35c,summer
2bc7a0dd-3f00-4985-a04e-cdabfdcbc97d,royal-blue
2bc7a0dd-3f00-4985-a04e-cdabfdcbc97d,blazer
2bc7a0dd-3f00-4985-a04e-cdabfdcbc97d,wedding
2bc7a0dd-3f00-4985-a04e-cdabfdcbc97d,prom
2bc7a0dd-3f00-4985-a04e-cdabfdcbc97d,formal
2bc7a0dd-3f00-4985-a04e-cdabfdcbc97d,premium
2bc7a0dd-3f00-4985-a04e-cdabfdcbc97d,summer
766d3d8b-c2f6-4a49-b292-7ab6760bc3fb,black
766d3d8b-c2f6-4a49-b292-7ab6760bc3fb,blazer
766d3d8b-c2f6-4a49-b292-7ab6760bc3fb,velvet
766d3d8b-c2f6-4a49-b292-7ab6760bc3fb,premium
766d3d8b-c2f6-4a49-b292-7ab6760bc3fb,summer
37fefb57-e551-48f8-bcf2-30128800b773,black
37fefb57-e551-48f8-bcf2-30128800b773,blazer
37fefb57-e551-48f8-bcf2-30128800b773,velvet
37fefb57-e551-48f8-bcf2-30128800b773,premium
37fefb57-e551-48f8-bcf2-30128800b773,summer
d402e566-ade1-4ca0-bd34-a4cd24a9784e,black
d402e566-ade1-4ca0-bd34-a4cd24a9784e,blazer
d402e566-ade1-4ca0-bd34-a4cd24a9784e,velvet
d402e566-ade1-4ca0-bd34-a4cd24a9784e,premium
d402e566-ade1-4ca0-bd34-a4cd24a9784e,summer
cc32b823-0720-4135-abed-c0c26bea9de0,brown
cc32b823-0720-4135-abed-c0c26bea9de0,velvet
cc32b823-0720-4135-abed-c0c26bea9de0,premium
cc32b823-0720-4135-abed-c0c26bea9de0,summer
47ea8814-03ab-4f85-86a4-00e3380ffdb2,burgundy
47ea8814-03ab-4f85-86a4-00e3380ffdb2,blazer
47ea8814-03ab-4f85-86a4-00e3380ffdb2,velvet
47ea8814-03ab-4f85-86a4-00e3380ffdb2,premium
47ea8814-03ab-4f85-86a4-00e3380ffdb2,summer
5d55a3c9-2b89-41ae-b78f-049aa8514f03,green
5d55a3c9-2b89-41ae-b78f-049aa8514f03,blazer
5d55a3c9-2b89-41ae-b78f-049aa8514f03,velvet
5d55a3c9-2b89-41ae-b78f-049aa8514f03,premium
5d55a3c9-2b89-41ae-b78f-049aa8514f03,summer
28e8587d-6976-4d31-a790-42f4b870e2fa,green
28e8587d-6976-4d31-a790-42f4b870e2fa,velvet
28e8587d-6976-4d31-a790-42f4b870e2fa,premium
28e8587d-6976-4d31-a790-42f4b870e2fa,summer
a8790091-df75-4bdc-aedb-57da3306e5fa,green
a8790091-df75-4bdc-aedb-57da3306e5fa,blazer
a8790091-df75-4bdc-aedb-57da3306e5fa,velvet
a8790091-df75-4bdc-aedb-57da3306e5fa,premium
a8790091-df75-4bdc-aedb-57da3306e5fa,summer
01a8eb8c-ef13-49fd-a0c1-a64f056bcff4,navy
01a8eb8c-ef13-49fd-a0c1-a64f056bcff4,blue
01a8eb8c-ef13-49fd-a0c1-a64f056bcff4,blazer
01a8eb8c-ef13-49fd-a0c1-a64f056bcff4,velvet
01a8eb8c-ef13-49fd-a0c1-a64f056bcff4,premium
01a8eb8c-ef13-49fd-a0c1-a64f056bcff4,summer
370e6155-089b-4a4c-9bba-00841513caf6,pink
370e6155-089b-4a4c-9bba-00841513caf6,blazer
370e6155-089b-4a4c-9bba-00841513caf6,velvet
370e6155-089b-4a4c-9bba-00841513caf6,premium
370e6155-089b-4a4c-9bba-00841513caf6,summer
fc2bee1b-778a-4241-b2f8-015b43ad6737,purple
fc2bee1b-778a-4241-b2f8-015b43ad6737,blazer
fc2bee1b-778a-4241-b2f8-015b43ad6737,velvet
fc2bee1b-778a-4241-b2f8-015b43ad6737,premium
fc2bee1b-778a-4241-b2f8-015b43ad6737,summer
03fa47ba-8eac-4e8f-be31-a5ce4ee3d8d0,purple
03fa47ba-8eac-4e8f-be31-a5ce4ee3d8d0,velvet
03fa47ba-8eac-4e8f-be31-a5ce4ee3d8d0,premium
03fa47ba-8eac-4e8f-be31-a5ce4ee3d8d0,summer
9e0a45eb-7d05-4fc4-9903-1e98b9fbb1c8,red
9e0a45eb-7d05-4fc4-9903-1e98b9fbb1c8,blazer
9e0a45eb-7d05-4fc4-9903-1e98b9fbb1c8,velvet
9e0a45eb-7d05-4fc4-9903-1e98b9fbb1c8,premium
9e0a45eb-7d05-4fc4-9903-1e98b9fbb1c8,summer
3ac4fc55-b0f1-4001-9368-ece05a926b3b,red
3ac4fc55-b0f1-4001-9368-ece05a926b3b,velvet
3ac4fc55-b0f1-4001-9368-ece05a926b3b,premium
3ac4fc55-b0f1-4001-9368-ece05a926b3b,summer
a93d9db8-2bca-4892-ac3b-5172f9578634,red
a93d9db8-2bca-4892-ac3b-5172f9578634,blazer
a93d9db8-2bca-4892-ac3b-5172f9578634,velvet
a93d9db8-2bca-4892-ac3b-5172f9578634,premium
a93d9db8-2bca-4892-ac3b-5172f9578634,summer
654cff9d-a5d4-46e1-b4e0-6fa2702f8117,royal-blue
654cff9d-a5d4-46e1-b4e0-6fa2702f8117,blazer
654cff9d-a5d4-46e1-b4e0-6fa2702f8117,velvet
654cff9d-a5d4-46e1-b4e0-6fa2702f8117,premium
654cff9d-a5d4-46e1-b4e0-6fa2702f8117,summer
4d282db8-54bb-47e1-9247-b7b6a8d408ee,royal-blue
4d282db8-54bb-47e1-9247-b7b6a8d408ee,blazer
4d282db8-54bb-47e1-9247-b7b6a8d408ee,velvet
4d282db8-54bb-47e1-9247-b7b6a8d408ee,premium
4d282db8-54bb-47e1-9247-b7b6a8d408ee,summer
279b339c-87c0-4dd9-ba25-e78d1da7fe1f,royal-blue
279b339c-87c0-4dd9-ba25-e78d1da7fe1f,blazer
279b339c-87c0-4dd9-ba25-e78d1da7fe1f,velvet
279b339c-87c0-4dd9-ba25-e78d1da7fe1f,premium
279b339c-87c0-4dd9-ba25-e78d1da7fe1f,summer
b2b4c32b-09a0-41e1-b17c-3ffcfff4ede9,white
b2b4c32b-09a0-41e1-b17c-3ffcfff4ede9,blazer
b2b4c32b-09a0-41e1-b17c-3ffcfff4ede9,velvet
b2b4c32b-09a0-41e1-b17c-3ffcfff4ede9,premium
b2b4c32b-09a0-41e1-b17c-3ffcfff4ede9,summer
ddaba318-b576-40df-bc70-25185b597ec8,black
ddaba318-b576-40df-bc70-25185b597ec8,suit
ddaba318-b576-40df-bc70-25185b597ec8,wedding
ddaba318-b576-40df-bc70-25185b597ec8,formal
ddaba318-b576-40df-bc70-25185b597ec8,business
ddaba318-b576-40df-bc70-25185b597ec8,satin
ddaba318-b576-40df-bc70-25185b597ec8,premium
ddaba318-b576-40df-bc70-25185b597ec8,summer
0616352a-4bd6-4229-8481-7fa9960d9cbc,black
0616352a-4bd6-4229-8481-7fa9960d9cbc,suit
0616352a-4bd6-4229-8481-7fa9960d9cbc,wedding
0616352a-4bd6-4229-8481-7fa9960d9cbc,formal
0616352a-4bd6-4229-8481-7fa9960d9cbc,business
0616352a-4bd6-4229-8481-7fa9960d9cbc,premium
0616352a-4bd6-4229-8481-7fa9960d9cbc,summer
967e04d7-ffe1-4b97-bee0-dcd5d6537c55,gold
967e04d7-ffe1-4b97-bee0-dcd5d6537c55,suit
967e04d7-ffe1-4b97-bee0-dcd5d6537c55,wedding
967e04d7-ffe1-4b97-bee0-dcd5d6537c55,formal
967e04d7-ffe1-4b97-bee0-dcd5d6537c55,business
967e04d7-ffe1-4b97-bee0-dcd5d6537c55,premium
967e04d7-ffe1-4b97-bee0-dcd5d6537c55,summer
37ad664e-42dc-4480-9125-0b0e686b772a,grey
37ad664e-42dc-4480-9125-0b0e686b772a,suit
37ad664e-42dc-4480-9125-0b0e686b772a,wedding
37ad664e-42dc-4480-9125-0b0e686b772a,formal
37ad664e-42dc-4480-9125-0b0e686b772a,business
37ad664e-42dc-4480-9125-0b0e686b772a,premium
37ad664e-42dc-4480-9125-0b0e686b772a,summer
83acf5c4-3dca-4deb-9684-38ecc23d30c4,suit
83acf5c4-3dca-4deb-9684-38ecc23d30c4,wedding
83acf5c4-3dca-4deb-9684-38ecc23d30c4,formal
83acf5c4-3dca-4deb-9684-38ecc23d30c4,business
83acf5c4-3dca-4deb-9684-38ecc23d30c4,premium
83acf5c4-3dca-4deb-9684-38ecc23d30c4,summer
fefe24af-ddf1-465e-8392-229b1d7b6a2f,suit
fefe24af-ddf1-465e-8392-229b1d7b6a2f,wedding
fefe24af-ddf1-465e-8392-229b1d7b6a2f,formal
fefe24af-ddf1-465e-8392-229b1d7b6a2f,business
fefe24af-ddf1-465e-8392-229b1d7b6a2f,satin
fefe24af-ddf1-465e-8392-229b1d7b6a2f,premium
fefe24af-ddf1-465e-8392-229b1d7b6a2f,summer
47bba788-b361-4e6c-a248-74deea24d313,pink
47bba788-b361-4e6c-a248-74deea24d313,suit
47bba788-b361-4e6c-a248-74deea24d313,wedding
47bba788-b361-4e6c-a248-74deea24d313,formal
47bba788-b361-4e6c-a248-74deea24d313,business
47bba788-b361-4e6c-a248-74deea24d313,satin
47bba788-b361-4e6c-a248-74deea24d313,premium
47bba788-b361-4e6c-a248-74deea24d313,summer
c224143a-91eb-45d4-ab19-22c515279fb3,pink
c224143a-91eb-45d4-ab19-22c515279fb3,suit
c224143a-91eb-45d4-ab19-22c515279fb3,wedding
c224143a-91eb-45d4-ab19-22c515279fb3,formal
c224143a-91eb-45d4-ab19-22c515279fb3,business
c224143a-91eb-45d4-ab19-22c515279fb3,premium
c224143a-91eb-45d4-ab19-22c515279fb3,summer
bd7028ef-175c-4281-a82e-d066bccbf02f,white
bd7028ef-175c-4281-a82e-d066bccbf02f,dress-shirt
bd7028ef-175c-4281-a82e-d066bccbf02f,summer
8c59a613-06b5-4b85-9c9e-f7741f44e7ee,white
8c59a613-06b5-4b85-9c9e-f7741f44e7ee,dress-shirt
8c59a613-06b5-4b85-9c9e-f7741f44e7ee,summer
43ae9be9-6c9d-4e60-bf4c-3bf7d51bf804,black
43ae9be9-6c9d-4e60-bf4c-3bf7d51bf804,blue
43ae9be9-6c9d-4e60-bf4c-3bf7d51bf804,tuxedo
43ae9be9-6c9d-4e60-bf4c-3bf7d51bf804,formal
43ae9be9-6c9d-4e60-bf4c-3bf7d51bf804,business
43ae9be9-6c9d-4e60-bf4c-3bf7d51bf804,satin
43ae9be9-6c9d-4e60-bf4c-3bf7d51bf804,premium
43ae9be9-6c9d-4e60-bf4c-3bf7d51bf804,summer
990b8716-39a4-4517-bfcf-232e361caa57,blue
990b8716-39a4-4517-bfcf-232e361caa57,tuxedo
990b8716-39a4-4517-bfcf-232e361caa57,formal
990b8716-39a4-4517-bfcf-232e361caa57,business
990b8716-39a4-4517-bfcf-232e361caa57,velvet
990b8716-39a4-4517-bfcf-232e361caa57,premium
990b8716-39a4-4517-bfcf-232e361caa57,summer
ec4b4abc-8ef3-4a57-bd05-45cfb0f5f4a1,vest-tie-set
ec4b4abc-8ef3-4a57-bd05-45cfb0f5f4a1,premium
ec4b4abc-8ef3-4a57-bd05-45cfb0f5f4a1,summer
ec4b4abc-8ef3-4a57-bd05-45cfb0f5f4a1,bundle
31339700-ece5-412d-926f-faa0ac2c65db,vest-tie-set
31339700-ece5-412d-926f-faa0ac2c65db,premium
31339700-ece5-412d-926f-faa0ac2c65db,summer
31339700-ece5-412d-926f-faa0ac2c65db,bundle
5ca6262f-3966-453a-b90b-2aedd5147859,navy
5ca6262f-3966-453a-b90b-2aedd5147859,blue
5ca6262f-3966-453a-b90b-2aedd5147859,suit
5ca6262f-3966-453a-b90b-2aedd5147859,formal
5ca6262f-3966-453a-b90b-2aedd5147859,business
5ca6262f-3966-453a-b90b-2aedd5147859,premium
5ca6262f-3966-453a-b90b-2aedd5147859,summer
d651454f-f36f-424c-8308-064a43cd2f59,navy
d651454f-f36f-424c-8308-064a43cd2f59,blue
d651454f-f36f-424c-8308-064a43cd2f59,tuxedo
d651454f-f36f-424c-8308-064a43cd2f59,formal
d651454f-f36f-424c-8308-064a43cd2f59,business
d651454f-f36f-424c-8308-064a43cd2f59,satin
d651454f-f36f-424c-8308-064a43cd2f59,premium
d651454f-f36f-424c-8308-064a43cd2f59,summer
5a6b0f87-b4d5-4d97-8dab-62de54cbf847,blue
5a6b0f87-b4d5-4d97-8dab-62de54cbf847,red
5a6b0f87-b4d5-4d97-8dab-62de54cbf847,suit
5a6b0f87-b4d5-4d97-8dab-62de54cbf847,formal
5a6b0f87-b4d5-4d97-8dab-62de54cbf847,business
5a6b0f87-b4d5-4d97-8dab-62de54cbf847,premium
5a6b0f87-b4d5-4d97-8dab-62de54cbf847,summer
a31c629f-c935-4f17-9a05-53812d8af29d,vest-tie-set
a31c629f-c935-4f17-9a05-53812d8af29d,premium
a31c629f-c935-4f17-9a05-53812d8af29d,summer
a31c629f-c935-4f17-9a05-53812d8af29d,bundle
e78845c4-c63c-4b85-b044-3f8775bad911,summer
e78845c4-c63c-4b85-b044-3f8775bad911,bundle
f67b41f3-900f-4c2d-8b18-c8b7aed39552,tuxedo
f67b41f3-900f-4c2d-8b18-c8b7aed39552,formal
f67b41f3-900f-4c2d-8b18-c8b7aed39552,business
f67b41f3-900f-4c2d-8b18-c8b7aed39552,premium
f67b41f3-900f-4c2d-8b18-c8b7aed39552,summer
e45ecef4-50e5-4cf3-987e-7e29a7f1b842,vest-tie-set
e45ecef4-50e5-4cf3-987e-7e29a7f1b842,premium
e45ecef4-50e5-4cf3-987e-7e29a7f1b842,summer
e45ecef4-50e5-4cf3-987e-7e29a7f1b842,bundle
bd3533dc-5b4b-4daa-868a-c0ba607e95c6,pink
bd3533dc-5b4b-4daa-868a-c0ba607e95c6,vest-tie-set
bd3533dc-5b4b-4daa-868a-c0ba607e95c6,premium
bd3533dc-5b4b-4daa-868a-c0ba607e95c6,summer
bd3533dc-5b4b-4daa-868a-c0ba607e95c6,bundle
e98600ac-9f62-47a3-8de1-1b6316c87b11,pink
e98600ac-9f62-47a3-8de1-1b6316c87b11,vest-tie-set
e98600ac-9f62-47a3-8de1-1b6316c87b11,premium
e98600ac-9f62-47a3-8de1-1b6316c87b11,summer
e98600ac-9f62-47a3-8de1-1b6316c87b11,bundle
227de352-c6f2-45f7-a5ed-2d78630f753a,pink
227de352-c6f2-45f7-a5ed-2d78630f753a,suit
227de352-c6f2-45f7-a5ed-2d78630f753a,formal
227de352-c6f2-45f7-a5ed-2d78630f753a,business
227de352-c6f2-45f7-a5ed-2d78630f753a,premium
227de352-c6f2-45f7-a5ed-2d78630f753a,summer
64578324-8d49-4f86-9c12-75d257c179cf,black
64578324-8d49-4f86-9c12-75d257c179cf,pink
64578324-8d49-4f86-9c12-75d257c179cf,tuxedo
64578324-8d49-4f86-9c12-75d257c179cf,formal
64578324-8d49-4f86-9c12-75d257c179cf,business
64578324-8d49-4f86-9c12-75d257c179cf,satin
64578324-8d49-4f86-9c12-75d257c179cf,premium
64578324-8d49-4f86-9c12-75d257c179cf,summer
7ed8b5e0-c733-42a8-adc8-8caa1712aa09,pink
7ed8b5e0-c733-42a8-adc8-8caa1712aa09,vest-tie-set
7ed8b5e0-c733-42a8-adc8-8caa1712aa09,premium
7ed8b5e0-c733-42a8-adc8-8caa1712aa09,summer
7ed8b5e0-c733-42a8-adc8-8caa1712aa09,bundle
22df3f00-4f55-4819-84c4-398df9f81338,vest-tie-set
22df3f00-4f55-4819-84c4-398df9f81338,premium
22df3f00-4f55-4819-84c4-398df9f81338,summer
22df3f00-4f55-4819-84c4-398df9f81338,bundle
b69a9083-2466-4231-9671-dbc2782774e3,blue
b69a9083-2466-4231-9671-dbc2782774e3,summer
b69a9083-2466-4231-9671-dbc2782774e3,bundle
d2776df7-393f-4e12-8dd6-87e5c9a78248,blue
d2776df7-393f-4e12-8dd6-87e5c9a78248,vest-tie-set
d2776df7-393f-4e12-8dd6-87e5c9a78248,premium
d2776df7-393f-4e12-8dd6-87e5c9a78248,summer
d2776df7-393f-4e12-8dd6-87e5c9a78248,bundle
7791ca82-4e42-4513-b966-641d6f75a1bb,purple
7791ca82-4e42-4513-b966-641d6f75a1bb,vest-tie-set
7791ca82-4e42-4513-b966-641d6f75a1bb,premium
7791ca82-4e42-4513-b966-641d6f75a1bb,summer
7791ca82-4e42-4513-b966-641d6f75a1bb,bundle
0afc1af8-42ab-4454-ad56-ac3eb92fd75f,purple
0afc1af8-42ab-4454-ad56-ac3eb92fd75f,premium
0afc1af8-42ab-4454-ad56-ac3eb92fd75f,summer
0afc1af8-42ab-4454-ad56-ac3eb92fd75f,bundle
0b4f2388-b637-4888-83e6-782fba71f899,purple
0b4f2388-b637-4888-83e6-782fba71f899,tuxedo
0b4f2388-b637-4888-83e6-782fba71f899,formal
0b4f2388-b637-4888-83e6-782fba71f899,business
0b4f2388-b637-4888-83e6-782fba71f899,satin
0b4f2388-b637-4888-83e6-782fba71f899,premium
0b4f2388-b637-4888-83e6-782fba71f899,summer
09cc18da-7cb6-40f5-b6ee-118ad2b5e639,red
09cc18da-7cb6-40f5-b6ee-118ad2b5e639,premium
09cc18da-7cb6-40f5-b6ee-118ad2b5e639,summer
09cc18da-7cb6-40f5-b6ee-118ad2b5e639,bundle
7726e7ce-fa6d-45fe-83e3-3676431dd53a,black
7726e7ce-fa6d-45fe-83e3-3676431dd53a,red
7726e7ce-fa6d-45fe-83e3-3676431dd53a,tuxedo
7726e7ce-fa6d-45fe-83e3-3676431dd53a,formal
7726e7ce-fa6d-45fe-83e3-3676431dd53a,business
7726e7ce-fa6d-45fe-83e3-3676431dd53a,satin
7726e7ce-fa6d-45fe-83e3-3676431dd53a,premium
7726e7ce-fa6d-45fe-83e3-3676431dd53a,summer
9b06bec4-a2f4-4ab9-879d-5acbc55b7a09,red
9b06bec4-a2f4-4ab9-879d-5acbc55b7a09,vest-tie-set
9b06bec4-a2f4-4ab9-879d-5acbc55b7a09,premium
9b06bec4-a2f4-4ab9-879d-5acbc55b7a09,summer
9b06bec4-a2f4-4ab9-879d-5acbc55b7a09,bundle
0fa2b38a-61b2-491f-b388-d9c9cb65bae7,red
0fa2b38a-61b2-491f-b388-d9c9cb65bae7,premium
0fa2b38a-61b2-491f-b388-d9c9cb65bae7,summer
0fa2b38a-61b2-491f-b388-d9c9cb65bae7,bundle
ebf9dd43-289f-43a3-83b5-ea21e5f01945,black
ebf9dd43-289f-43a3-83b5-ea21e5f01945,red
ebf9dd43-289f-43a3-83b5-ea21e5f01945,tuxedo
ebf9dd43-289f-43a3-83b5-ea21e5f01945,formal
ebf9dd43-289f-43a3-83b5-ea21e5f01945,business
ebf9dd43-289f-43a3-83b5-ea21e5f01945,satin
ebf9dd43-289f-43a3-83b5-ea21e5f01945,premium
ebf9dd43-289f-43a3-83b5-ea21e5f01945,summer
4b3ccd98-d7b4-4646-8ae7-e951356aed2c,red
4b3ccd98-d7b4-4646-8ae7-e951356aed2c,vest-tie-set
4b3ccd98-d7b4-4646-8ae7-e951356aed2c,premium
4b3ccd98-d7b4-4646-8ae7-e951356aed2c,summer
4b3ccd98-d7b4-4646-8ae7-e951356aed2c,bundle
e4c6990f-3dea-4563-a9b1-a32b99e063d0,red
e4c6990f-3dea-4563-a9b1-a32b99e063d0,vest-tie-set
e4c6990f-3dea-4563-a9b1-a32b99e063d0,premium
e4c6990f-3dea-4563-a9b1-a32b99e063d0,summer
e4c6990f-3dea-4563-a9b1-a32b99e063d0,bundle
31f1d066-991e-441e-afc8-a3d4bd86c85f,vest-tie-set
31f1d066-991e-441e-afc8-a3d4bd86c85f,premium
31f1d066-991e-441e-afc8-a3d4bd86c85f,summer
31f1d066-991e-441e-afc8-a3d4bd86c85f,bundle
86f76d05-458a-4593-a351-098168c18d94,gold
86f76d05-458a-4593-a351-098168c18d94,vest-tie-set
86f76d05-458a-4593-a351-098168c18d94,premium
86f76d05-458a-4593-a351-098168c18d94,summer
86f76d05-458a-4593-a351-098168c18d94,bundle
584c1c7b-2d81-46a9-b8b2-1fc7d1d201dc,royal-blue
584c1c7b-2d81-46a9-b8b2-1fc7d1d201dc,formal
584c1c7b-2d81-46a9-b8b2-1fc7d1d201dc,premium
584c1c7b-2d81-46a9-b8b2-1fc7d1d201dc,summer
a06566b2-1060-4c53-8a7c-b374eb43b595,royal-blue
a06566b2-1060-4c53-8a7c-b374eb43b595,premium
a06566b2-1060-4c53-8a7c-b374eb43b595,summer
a06566b2-1060-4c53-8a7c-b374eb43b595,bundle
efe79093-74f6-472d-932e-877fc4ae411e,royal-blue
efe79093-74f6-472d-932e-877fc4ae411e,suit
efe79093-74f6-472d-932e-877fc4ae411e,formal
efe79093-74f6-472d-932e-877fc4ae411e,business
efe79093-74f6-472d-932e-877fc4ae411e,premium
efe79093-74f6-472d-932e-877fc4ae411e,summer
46659d6f-b3bd-4e90-97a6-bfb653af79be,black
46659d6f-b3bd-4e90-97a6-bfb653af79be,royal-blue
46659d6f-b3bd-4e90-97a6-bfb653af79be,tuxedo
46659d6f-b3bd-4e90-97a6-bfb653af79be,formal
46659d6f-b3bd-4e90-97a6-bfb653af79be,business
46659d6f-b3bd-4e90-97a6-bfb653af79be,satin
46659d6f-b3bd-4e90-97a6-bfb653af79be,premium
46659d6f-b3bd-4e90-97a6-bfb653af79be,summer
e18081e8-167f-45b3-ab3e-d0e1fc55bd3b,royal-blue
e18081e8-167f-45b3-ab3e-d0e1fc55bd3b,vest-tie-set
e18081e8-167f-45b3-ab3e-d0e1fc55bd3b,premium
e18081e8-167f-45b3-ab3e-d0e1fc55bd3b,summer
e18081e8-167f-45b3-ab3e-d0e1fc55bd3b,bundle
2a9487ff-f8e2-460f-9106-b1af420389e3,vest-tie-set
2a9487ff-f8e2-460f-9106-b1af420389e3,premium
2a9487ff-f8e2-460f-9106-b1af420389e3,summer
2a9487ff-f8e2-460f-9106-b1af420389e3,bundle
e8bd0185-7902-4894-89ee-263ae4d64713,suit
e8bd0185-7902-4894-89ee-263ae4d64713,formal
e8bd0185-7902-4894-89ee-263ae4d64713,business
e8bd0185-7902-4894-89ee-263ae4d64713,premium
e8bd0185-7902-4894-89ee-263ae4d64713,summer
192a427a-4946-4f74-b356-34473b84ba50,silver
192a427a-4946-4f74-b356-34473b84ba50,tuxedo
192a427a-4946-4f74-b356-34473b84ba50,formal
192a427a-4946-4f74-b356-34473b84ba50,business
192a427a-4946-4f74-b356-34473b84ba50,premium
192a427a-4946-4f74-b356-34473b84ba50,summer
2554c8ee-5431-4e48-ad58-f9648739319e,silver
2554c8ee-5431-4e48-ad58-f9648739319e,premium
2554c8ee-5431-4e48-ad58-f9648739319e,summer
2554c8ee-5431-4e48-ad58-f9648739319e,bundle
2c890645-2f2d-4f0d-92ce-03ed0d687cac,blue
2c890645-2f2d-4f0d-92ce-03ed0d687cac,tuxedo
2c890645-2f2d-4f0d-92ce-03ed0d687cac,formal
2c890645-2f2d-4f0d-92ce-03ed0d687cac,business
2c890645-2f2d-4f0d-92ce-03ed0d687cac,satin
2c890645-2f2d-4f0d-92ce-03ed0d687cac,premium
2c890645-2f2d-4f0d-92ce-03ed0d687cac,summer
e0aa3bd3-6a40-4fe2-875d-c634e926b140,tuxedo
e0aa3bd3-6a40-4fe2-875d-c634e926b140,formal
e0aa3bd3-6a40-4fe2-875d-c634e926b140,business
e0aa3bd3-6a40-4fe2-875d-c634e926b140,premium
e0aa3bd3-6a40-4fe2-875d-c634e926b140,summer
1339b394-106c-445b-b8db-2918d58ce99a,vest-tie-set
1339b394-106c-445b-b8db-2918d58ce99a,premium
1339b394-106c-445b-b8db-2918d58ce99a,summer
1339b394-106c-445b-b8db-2918d58ce99a,bundle
a4cc10b6-46ba-4027-a167-ac9b3590483e,vest-tie-set
a4cc10b6-46ba-4027-a167-ac9b3590483e,premium
a4cc10b6-46ba-4027-a167-ac9b3590483e,summer
a4cc10b6-46ba-4027-a167-ac9b3590483e,bundle
b834da3e-af8c-45c1-b9de-9e52d9a0c7ce,summer
0f3c150f-9035-468c-bde4-22725252ecda,black
0f3c150f-9035-468c-bde4-22725252ecda,white
0f3c150f-9035-468c-bde4-22725252ecda,tuxedo
0f3c150f-9035-468c-bde4-22725252ecda,formal
0f3c150f-9035-468c-bde4-22725252ecda,business
0f3c150f-9035-468c-bde4-22725252ecda,satin
0f3c150f-9035-468c-bde4-22725252ecda,premium
0f3c150f-9035-468c-bde4-22725252ecda,summer
6091fe11-7fa1-4b5e-80ff-ddf8985f42d3,black
6091fe11-7fa1-4b5e-80ff-ddf8985f42d3,white
6091fe11-7fa1-4b5e-80ff-ddf8985f42d3,tuxedo
6091fe11-7fa1-4b5e-80ff-ddf8985f42d3,formal
6091fe11-7fa1-4b5e-80ff-ddf8985f42d3,business
6091fe11-7fa1-4b5e-80ff-ddf8985f42d3,premium
6091fe11-7fa1-4b5e-80ff-ddf8985f42d3,summer
9560a67f-cd0d-49a0-af39-facc8683f27b,black
9560a67f-cd0d-49a0-af39-facc8683f27b,white
9560a67f-cd0d-49a0-af39-facc8683f27b,tuxedo
9560a67f-cd0d-49a0-af39-facc8683f27b,formal
9560a67f-cd0d-49a0-af39-facc8683f27b,business
9560a67f-cd0d-49a0-af39-facc8683f27b,satin
9560a67f-cd0d-49a0-af39-facc8683f27b,premium
9560a67f-cd0d-49a0-af39-facc8683f27b,summer
a8cb3164-8434-45aa-8cb3-bb8e93fca957,white
a8cb3164-8434-45aa-8cb3-bb8e93fca957,vest-tie-set
a8cb3164-8434-45aa-8cb3-bb8e93fca957,premium
a8cb3164-8434-45aa-8cb3-bb8e93fca957,summer
a8cb3164-8434-45aa-8cb3-bb8e93fca957,bundle
40f994aa-2522-4e96-95c1-4545af509142,white
40f994aa-2522-4e96-95c1-4545af509142,vest-tie-set
40f994aa-2522-4e96-95c1-4545af509142,premium
40f994aa-2522-4e96-95c1-4545af509142,summer
40f994aa-2522-4e96-95c1-4545af509142,bundle
3a3f7555-67b3-462a-b5e0-c7c8b067f105,premium
3a3f7555-67b3-462a-b5e0-c7c8b067f105,summer
3a3f7555-67b3-462a-b5e0-c7c8b067f105,bundle
8718e606-2106-49fa-9a57-c34d06734062,vest-tie-set
8718e606-2106-49fa-9a57-c34d06734062,premium
8718e606-2106-49fa-9a57-c34d06734062,summer
8718e606-2106-49fa-9a57-c34d06734062,bundle
f09c97e3-821e-4122-a140-4ab524de6419,vest-tie-set
f09c97e3-821e-4122-a140-4ab524de6419,premium
f09c97e3-821e-4122-a140-4ab524de6419,summer
f09c97e3-821e-4122-a140-4ab524de6419,bundle
090c086e-4419-44a0-9ff9-4a1c0a8bf69f,suit
090c086e-4419-44a0-9ff9-4a1c0a8bf69f,formal
090c086e-4419-44a0-9ff9-4a1c0a8bf69f,business
090c086e-4419-44a0-9ff9-4a1c0a8bf69f,premium
090c086e-4419-44a0-9ff9-4a1c0a8bf69f,summer
